Reaction_index,Substrate,Product,Bigg_IDs,AAMs
HISTAMINOTRANS-RXN,"L-HISTIDINOL-P,2-KETOGLUTARATE","IMIDAZOLE-ACETOL-P,GLT",AOOAh;HSTPT;HSTPTr,[CH2:1]([CH2:2][C:4](=[O:7])[OH:8])[C@H:3]([C:5](=[O:9])[OH:10])[NH2:17].[O:6]=[C:15]([CH2:11][c:16]1[cH:12][nH:18][cH:14][n:19]1)[CH2:13][O:23][P:24](=[O:20])([OH:21])[OH:22]>>[CH2:11]([C@@H:15]([CH2:13][O:23][P:24](=[O:20])([OH:21])[OH:22])[NH2:17])[c:16]1[cH:12][nH:18][cH:14][n:19]1.[CH2:1]([CH2:2][C:4](=[O:7])[OH:8])[C:3]([C:5](=[O:9])[OH:10])=[O:6]
PRIBFAICARPISOM-RXN,PHOSPHORIBOSYL-FORMIMINO-AICAR-P,PHOSPHORIBULOSYL-FORMIMINO-AICAR-P,PRICIh;PRMICI,[CH2:1]([C@@H:5]1[C@@H:8]([OH:21])[C@@H:10]([OH:23])[C@H:14](/[N:18]=[CH:3]/[NH:17][c:13]2[c:7]([C:12]([NH2:16])=[O:25])[n:19][cH:4][n:20]2[C@H:15]2[C@H:11]([OH:24])[C@H:9]([OH:22])[C@@H:6]([CH2:2][O:33][P:37](=[O:29])([OH:30])[OH:31])[O:35]2)[O:34]1)[O:32][P:36](=[O:26])([OH:27])[OH:28]>>[CH2:1]([C@H:5]([C@H:8]([C:10]([CH2:14]/[N:18]=[CH:3]/[NH:17][c:13]1[c:7]([C:12]([NH2:16])=[O:25])[n:19][cH:4][n:20]1[C@H:15]1[C@H:11]([OH:24])[C@H:9]([OH:22])[C@@H:6]([CH2:2][O:33][P:37](=[O:29])([OH:30])[OH:31])[O:35]1)=[O:23])[OH:21])[OH:34])[O:32][P:36](=[O:26])([OH:27])[OH:28]
ATPPHOSPHORIBOSYLTRANS-RXN,"PHOSPHORIBOSYL-ATP,PPI","ATP,PRPP",ATPPRT,[CH2:1]([C@@H:5]1[C@@H:8]([OH:21])[C@@H:10]([OH:23])[C@@H:14]([O:46][P:52](=[O:45])([OH:47])[O:51][P:53](=[O:48])([OH:49])[OH:50])[O:37]1)[O:35][P:41](=[O:25])([OH:26])[OH:27].[CH2:2]([C@@H:6]1[C@@H:9]([OH:22])[C@@H:11]([OH:24])[C@H:15]([n:20]2[cH:3][n:17][c:7]3[c:12]([NH2:16])[n:19][cH:4][n:18][c:13]32)[O:38]1)[O:36][P:43](=[O:31])([OH:32])[O:40][P:44](=[O:33])([OH:34])[O:39][P:42](=[O:28])([OH:29])[OH:30]>>[CH2:1]([C@@H:5]1[C@@H:8]([OH:21])[C@@H:10]([OH:23])[C@H:14]([n:19]2[cH:4][n:18][c:13]3[c:7]([c:12]2=[NH:16])[n:17][cH:3][n:20]3[C@H:15]2[C@H:11]([OH:24])[C@H:9]([OH:22])[C@@H:6]([CH2:2][O:36][P:43](=[O:31])([OH:32])[O:40][P:44](=[O:33])([OH:34])[O:39][P:42](=[O:28])([OH:29])[OH:30])[O:38]2)[O:37]1)[O:35][P:41](=[O:25])([OH:26])[OH:27].[O:45]=[P:52]([OH:46])([OH:47])[O:51][P:53](=[O:48])([OH:49])[OH:50]
HISTCYCLOHYD-RXN,"PHOSPHORIBOSYL-AMP,WATER",PHOSPHORIBOSYL-FORMIMINO-AICAR-P,PRACHh;PRAMPC;PRAMPC_1,[CH2:1]([C@@H:5]1[C@@H:8]([OH:21])[C@@H:10]([OH:23])[C@H:14]([n:19]2[cH:4][n:18][c:13]3[c:7]([c:12]2=[NH:16])[n:17][cH:3][n:20]3[C@H:15]2[C@H:11]([OH:24])[C@H:9]([OH:22])[C@@H:6]([CH2:2][O:32][P:36](=[O:28])([OH:29])[OH:30])[O:34]2)[O:33]1)[O:31][P:35](=[O:25])([OH:26])[OH:27].[OH2:37]>>[CH2:1]([C@@H:5]1[C@@H:8]([OH:21])[C@@H:10]([OH:23])[C@H:14](/[N:19]=[CH:4]/[NH:18][c:13]2[c:7]([C:12]([NH2:16])=[O:37])[n:17][cH:3][n:20]2[C@H:15]2[C@H:11]([OH:24])[C@H:9]([OH:22])[C@@H:6]([CH2:2][O:32][P:36](=[O:28])([OH:29])[OH:30])[O:34]2)[O:33]1)[O:31][P:35](=[O:25])([OH:26])[OH:27]
HISTIDPHOS-RXN,"L-HISTIDINOL-P,WATER","HISTIDINOL,Pi",HISTP;HP;HPh,[CH2:2]([C@@H:6]([CH2:4][O:14][P:15](=[O:11])([OH:12])[OH:13])[NH2:8])[c:7]1[cH:3][nH:9][cH:5][n:10]1.[OH2:1]>>[CH2:2]([C@@H:6]([CH2:4][OH:14])[NH2:8])[c:7]1[cH:3][nH:9][cH:5][n:10]1.[OH:1][P:15](=[O:11])([OH:12])[OH:13]
GLUTAMIDOTRANS-RXN,"PHOSPHORIBULOSYL-FORMIMINO-AICAR-P,GLN","PROTON,GLT,D-ERYTHRO-IMIDAZOLE-GLYCEROL-P,AICAR",IG3PS;IG3PS_1;IMGPSh,[CH2:11]([C:16]([C@@H:20]([C@@H:17]([CH2:12][O:43][P:46](=[O:37])([OH:38])[OH:39])[OH:32])[OH:33])=[O:31])/[N:27]=[CH:14]/[NH:28][c:24]1[c:19]([C:23]([NH2:26])=[O:36])[n:29][cH:15][n:30]1[C@H:25]1[C@H:22]([OH:35])[C@H:21]([OH:34])[C@@H:18]([CH2:13][O:44][P:47](=[O:40])([OH:41])[OH:42])[O:45]1.[CH2:1]([CH2:2][C:4]([NH2:7])=[O:8])[C@@H:3]([C:5](=[O:9])[OH:10])[NH2:6]>>[CH2:13]([C@@H:18]1[C@@H:21]([OH:34])[C@@H:22]([OH:35])[C@H:25]([n:30]2[cH:15][n:29][c:19]([C:23](=[NH:26])[OH:36])[c:24]2[NH2:28])[O:45]1)[O:44][P:47](=[O:40])([OH:41])[OH:42].[CH2:1]([CH2:2][C:4](=[O:8])[OH:31])[C@@H:3]([C:5](=[O:9])[OH:10])[NH2:6].[n:7]1[cH:14][nH:27][cH:11][c:16]1[C@@H:20]([C@@H:17]([CH2:12][O:43][P:46](=[O:37])([OH:38])[OH:39])[OH:32])[OH:33]
HISTPRATPHYD-RXN,"PHOSPHORIBOSYL-ATP,WATER","PHOSPHORIBOSYL-AMP,PPI,PROTON",PRADPh;PRATPP,[CH2:1]([C@@H:5]1[C@@H:8]([OH:21])[C@@H:10]([OH:23])[C@H:14]([n:19]2[cH:4][n:18][c:13]3[c:7]([c:12]2=[NH:16])[n:17][cH:3][n:20]3[C@H:15]2[C@H:11]([OH:24])[C@H:9]([OH:22])[C@@H:6]([CH2:2][O:36][P:43](=[O:31])([OH:32])[O:40][P:44](=[O:33])([OH:34])[O:39][P:42](=[O:28])([OH:29])[OH:30])[O:38]2)[O:37]1)[O:35][P:41](=[O:25])([OH:26])[OH:27].[OH2:45]>>[CH2:1]([C@@H:5]1[C@@H:8]([OH:21])[C@@H:10]([OH:23])[C@H:14]([n:19]2[cH:4][n:18][c:13]3[c:7]([c:12]2=[NH:16])[n:17][cH:3][n:20]3[C@H:15]2[C@H:11]([OH:24])[C@H:9]([OH:22])[C@@H:6]([CH2:2][O:36][P:43](=[O:31])([OH:32])[OH:40])[O:38]2)[O:37]1)[O:35][P:41](=[O:25])([OH:26])[OH:27].[O:28]=[P:42]([OH:29])([OH:30])[O:39][P:44](=[O:33])([OH:34])[OH:45]
HISTALDEHYD-RXN,"HISTIDINAL,NAD,WATER","PROTON,HIS,NADH",R_HISTDb,[O:39]=[CH:40][C@@H:41]([NH2:42])[CH2:43][c:44]1[n:45][cH:46][nH:47][cH:48]1.[OH2:49].[c:1]1([C:51](=[O:50])[NH2:52])[cH:2][cH:53][cH:3][n+:4]([C@@H:6]2[O:7][C@H:8]([CH2:9][O:10][P:11](=[O:12])([OH:13])[O:14][P:15](=[O:16])([OH:17])[O:18][CH2:19][C@H:20]3[O:21][C@@H:22]([n:23]4[c:29]5[c:24]([c:25]([NH2:30])[n:26][cH:27][n:28]5)[n:55][cH:54]4)[C@H:31]([OH:32])[C@@H:33]3[OH:34])[C@@H:35]([OH:36])[C@H:37]2[OH:38])[cH:5]1>>[H+:62].[H+:63].[O:39]=[C:40]([C@@H:41]([NH3+:42])[CH2:43][c:44]1[n:45][cH:46][nH:47][cH:48]1)[O-:49].[c:1]12[c:2]([NH2:61])[n:26][cH:27][n:28][c:5]1[n:4]([C@@H:6]1[O:7][C@H:8]([CH2:9][O:10][P:11](=[O:12])([OH:13])[O:14][P:15](=[O:16])([OH:17])[O:18][CH2:19][C@H:20]3[O:21][C@@H:22]([N:23]4[CH:29]=[C:24]([C:25]([NH2:30])=[O:56])[CH2:59][CH:58]=[CH:57]4)[C@H:31]([OH:32])[C@@H:33]3[OH:34])[C@@H:35]([OH:36])[C@H:37]1[OH:38])[cH:3][n:60]2
IMIDPHOSDEHYD-RXN,D-ERYTHRO-IMIDAZOLE-GLYCEROL-P,"IMIDAZOLE-ACETOL-P,WATER",IGPDH;IGPDH_1;IGPDh,[O:1]=[P:2]([OH:3])([OH:4])[O:5][CH2:6][C@@H:7]([OH:8])[C@@H:9]([OH:10])[c:11]1[n:12][cH:13][nH:14][cH:15]1>>[O:1]=[P:2]([OH:4])([O:5][CH2:6][C:7](=[O:8])[CH2:9][c:11]1[n:12][cH:13][nH:14][cH:15]1)[OH:10].[OH2:3]
HISTOLDEHYD-RXN,"HISTIDINOL,NAD","PROTON,HISTIDINAL,NADH",R_HISTD,[CH2:1]([C@@H:5]([CH2:3][OH:10])[NH2:7])[C:6]1=[CH:2][NH:8][CH:4]=[N:9]1.[CH:11]1=[CH:13][N:37]([C@H:30]2[C@H:25]([OH:41])[C@H:23]([OH:39])[C@@H:20]([CH2:15][O:48][P:53](=[O:44])([OH:45])[O:52][P:54](=[O:46])([OH:47])[O:49][CH2:16][C@@H:21]3[C@@H:24]([OH:40])[C@@H:26]([OH:42])[C@H:31]([N:38]4[CH:18]=[N:36][C:22]5=[C:27]([NH2:32])[N:34]=[CH:17][N:35]=[C:29]54)[O:51]3)[O:50]2)=[CH:14][C:19]([C:28]([NH2:33])=[O:43])=[CH:12]1.[CH:55]1=[CH:57][N:81]([C@H:74]2[C@H:69]([OH:85])[C@H:67]([OH:83])[C@@H:64]([CH2:59][O:92][P:97](=[O:88])([OH:89])[O:96][P:98](=[O:90])([OH:91])[O:93][CH2:60][C@@H:65]3[C@@H:68]([OH:84])[C@@H:70]([OH:86])[C@H:75]([N:82]4[CH:62]=[N:80][C:66]5=[C:71]([NH2:76])[N:78]=[CH:61][N:79]=[C:73]54)[O:95]3)[O:94]2)=[CH:58][C:63]([C:72]([NH2:77])=[O:87])=[CH:56]1.[OH2:99]>>[CH2:1]([C@@H:5]([C:3]([OH:10])=[O:99])[NH2:7])[C:6]1=[CH:2][NH:8][CH:4]=[N:9]1.[CH:11]1=[CH:13][N:37]([C@H:30]2[C@H:25]([OH:41])[C@H:23]([OH:39])[C@@H:20]([CH2:15][O:48][P:53](=[O:44])([OH:45])[O:52][P:54](=[O:46])([OH:47])[O:49][CH2:16][C@@H:21]3[C@@H:24]([OH:40])[C@@H:26]([OH:42])[C@H:31]([N:38]4[CH:18]=[N:36][C:22]5=[C:27]([NH2:32])[N:34]=[CH:17][N:35]=[C:29]54)[O:51]3)[O:50]2)[CH:14]=[C:19]([C:28]([NH2:33])=[O:43])[CH2:12]1.[CH:55]1=[CH:57][N:81]([C@H:74]2[C@H:69]([OH:85])[C@H:67]([OH:83])[C@@H:64]([CH2:59][O:92][P:97](=[O:88])([OH:89])[O:96][P:98](=[O:90])([OH:91])[O:93][CH2:60][C@@H:65]3[C@@H:68]([OH:84])[C@@H:70]([OH:86])[C@H:75]([N:82]4[CH:62]=[N:80][C:66]5=[C:71]([NH2:76])[N:78]=[CH:61][N:79]=[C:73]54)[O:95]3)[O:94]2)[CH:58]=[C:63]([C:72]([NH2:77])=[O:87])[CH2:56]1.[H+:100].[H+:101]
